{"cameraMode":{"drawMode":0,"name":"Shaded","section":"Shading Mode"},"sceneLighting":false,"audioPlay":false,"sceneViewState":{"m_AlwaysRefresh":false,"showFog":true,"showSkybox":false,"showFlares":true,"showImageEffects":true,"showParticleSystems":true,"showVisualEffectGraphs":true,"m_FxEnabled":true},"in2DMode":false,"pivot":{"x":0.3935125172138214,"y":0.7933416962623596,"z":-0.09738493710756302},"rotation":{"x":-0.041960883885622028,"y":0.9494508504867554,"z":-0.27539604902267458,"w":-0.14465881884098054},"size":1.0947539806365967,"orthographic":false}